news,title,link,content,content_cn
appledaily,台灣捲入跨國人口販運風暴｜蘋果新聞網｜蘋果日報,http://www.appledaily.com.tw/appledaily/article/headline/20181219/38209832/,《報導者》獨家授權記者╱《報導者》蔣宜婷、李雪莉 台北─柬埔寨報導台灣已捲入遠洋漁業的人口販運風暴。非營利網路媒體《報導者》首度進入柬埔寨監獄，採訪第一位因仲介境外漁工，而遭柬國法院以「人口販運」罪名判處十年刑期的當事人。《報導者》長期調查「台灣製造」、被美國國務院和國內外人權團體重視的「巨洋案」，掀開漁工仲介問題的神祕面紗，並發現遠洋漁業三法通過近兩年，台灣遠洋遠船上仍有不少未登記的「幽靈漁工」。,《报导者》独家授权记者╱《报导者》蒋宜婷、李雪莉 台北─柬埔寨报导台湾已卷入远洋渔业的人口贩运风暴。非营利网路媒体《报导者》首度进入柬埔寨监狱，采访第一位因仲介境外渔工，而遭柬国法院以「人口贩运」罪名判处十年刑期的当事人。 《报导者》长期调查「台湾制造」、被美国国务院和国内外人权团体重视的「巨洋案」，掀开渔工仲介问题的神秘面纱，并发现远洋渔业三法通过近两年，台湾远洋远船上仍有不少未登记的「幽灵渔工」。
appledaily,​內政部：今年1到9月查緝人口販運被害人安置印尼人最多｜蘋果新聞 ...,http://www.appledaily.com.tw/realtimenews/article/new/20171216/1260513,內政部公佈統計數據指出，今年1到9月司法及警察機關查緝人口販運案件共116件，75%為性剝削案件，共87件，勞力剝削29件占25%。同期新收安置的被害人，以印尼籍86人占51.19%最多、泰國籍37人占22.02%、菲律賓籍30人占17.86%。 內政部指出，今年1到9月各司法及警察機關等查緝並移送各地方法院檢察署偵辦之人口販運案件計116件，75%為性剝削案件；嫌疑犯計365人，63.8%為男性，共233人，女性嫌犯132人占36.16%。遭勞力剝削者103人占61.31%，其中女性58人占56.31%。遭性剝削者53人占31.55%，其中女性45人占84.91%。遭雙重剝削者12人，皆為女性。被害人新收安置人數總計為168人，女性占68.5%，男性占31.5%。（張文馨╱台北報導）,内政部公布统计数据指出，今年1到9月司法及警察机关查缉人口贩运案件共116件，75%为性剥削案件，共87件，劳力剥削29件占25%。同期新收安置的被害人，以印尼籍86人占51.19%最多、泰国籍37人占22.02%、菲律宾籍30人占17.86%。内政部指出，今年1到9月各司法及警察机关等查缉并移送各地方法院检察署侦办之人口贩运案件计116件，75%为性剥削案件；嫌疑犯计365人，63.8%为男性，共233人，女性嫌犯132人占36.16%。遭劳力剥削者103人占61.31%，其中女性58人占56.31%。遭性剥削者53人占31.55%，其中女性45人占84.91%。遭双重剥削者12人，皆为女性。被害人新收安置人数总计为168人，女性占68.5%，男性占31.5%。 （张文馨╱台北报导）
appledaily,打擊人口販運台成立防制人口販運國際工作坊| 蘋果日報,http://www.appledaily.com.tw/realtimenews/article/new/20180725/1398209,內政部「2018防制人口販運國際工作坊」今（25）日盛大揭幕，邀請副總統陳建仁、美國在台協會代理處長谷立言等國內外學者、非政府組織人員、政府官員與會，以跨國及區域聯防合作，共同打擊不法。今天活動由副總統陳建仁、美國在台協會代理處長谷立言、行政院政務委員羅秉成、內政部長徐國勇、美國自由聯盟執行長Jean Bruggeman、全球移民政策協會理事長Patrick Taran與立委吳玉琴、李麗芬共同啟動4個藍心水晶球，象徵防制人口販運的4P策略（Prevention預防、Protection保護、Prosecution查緝起訴、Partnership夥伴關係）。副總統陳建仁致詞表示，蔡總統於96年成立「防制人口販運協調會報」聯繫平台，12年來各部會整合資源、朝野全力運作下，我國連續第9年獲美國國務院評比防制人口販運成效第1級國家，在人權保護議題上的成果有目共睹。陳建仁指出，打擊人口販運亟需國際及區域聯防合作，台灣已與17個國家簽署合作協定或備忘錄，今年也即將有一個歐洲國家與我國簽署「移民事務與防制人口販運合作瞭解備忘錄（MOU）」，宣示我國積極參與、與國際接軌的決心。內政部長徐國勇致詞時表示，地球是平的，全球化造成的人口遷移容易造成犯罪問題，加上文化差異與勞動條件不同成產生弱勢的受害者，使得人口販運的不法事件成為僅次於毒品、武器的第三大犯罪。台灣雖連續第9年獲得防制人口販運第一級優良國家的評比，但我們不應自滿，要在漁工、家事工的勞動權力部分持續改善，在保障人權上繼續努力。美國在台協會代理處理谷立言表示，他上月就任新職第一件事就是恭喜台灣獲得防制人口販運第一級評比，其中只有6個亞太國家，足見台灣的努力，尤其連續9年的成績更是獨特成就。今年防制人口販運國際工作坊共邀請美國、英國、比利時、紐西蘭、日本、菲律賓、印尼、香港的專家學者及與我簽署MOU的東南亞國家相關官員與會。內政部為回應美國2018年人口販運問題報告的建議，配合聯合國所訂7月30日「反人口販運國際日」，特別舉辦為期2天的國際工作坊，探討議題包含「人口販運國際性及區域化聯防機制」、「人口販運有關犯罪案件競合與處罰」、「防範弱勢族群遭受勞力剝削之機制」及「被害人保護機制探究」等4面向。（突發中心劉文淵／台北報導）,内政部「2018防制人口贩运国际工作坊」今（25）日盛大揭幕，邀请副总统陈建仁、美国在台协会代理处长谷立言等国内外学者、非政府组织人员、政府官员与会，以跨国及区域联防合作，共同打击不法。今天活动由副总统陈建仁、美国在台协会代理处长谷立言、行政院政务委员罗秉成、内政部长徐国勇、美国自由联盟执行长Jean Bruggeman、全球移民政策协会理事长Patrick Taran与立委吴玉琴、李丽芬共同启动4个蓝心水晶球，象征防制人口贩运的4P策略（Prevention预防、Protection保护、Prosecution查缉起诉、Partnership伙伴关系）。副总统陈建仁致词表示，蔡总统于96年成立「防制人口贩运协调会报」联系平台，12年来各部会整合资源、朝野全力运作下，我国连续第9年获美国国务院评比防制人口贩运成效第1级国家，在人权保护议题上的成果有目共睹。陈建仁指出，打击人口贩运亟需国际及区域联防合作，台湾已与17个国家签署合作协定或备忘录，今年也即将有一个欧洲国家与我国签署「移民事务与防制人口贩运合作了解备忘录（MOU） 」，宣示我国积极参与、与国际接轨的决心。内政部长徐国勇致词时表示，地球是平的，全球化造成的人口迁移容易造成犯罪问题，加上文化差异与劳动条件不同成产生弱势的受害者，使得人口贩运的不法事件成为仅次于毒品、武器的第三大犯罪。台湾虽连续第9年获得防制人口贩运第一级优良国家的评比，但我们不应自满，要在渔工、家事工的劳动权力部分持续改善，在保障人权上继续努力。美国在台协会代理处理谷立言表示，他上月就任新职第一件事就是恭喜台湾获得防制人口贩运第一级评比，其中只有6个亚太国家，足见台湾的努力，尤其连续9年的成绩更是独特成就。今年防制人口贩运国际工作坊共邀请美国、英国、比利时、纽西兰、日本、菲律宾、印尼、香港的专家学者及与我签署MOU的东南亚国家相关官员与会。内政部为回应美国2018年人口贩运问题报告的建议，配合联合国所订7月30日「反人口贩运国际日」，特别举办为期2天的国际工作坊，探讨议题包含「人口贩运国际性及区域化联防机制」、「人口贩运有关犯罪案件竞合与处罚」、「防范弱势族群遭受劳力剥削之机制」及「被害人保护机制探究」等4面向。 （突发中心刘文渊／台北报导）
appledaily,赴美留學成奴隸！洛城破獲大宗人口販賣｜蘋果新聞網｜蘋果日報,https://www.appledaily.com.tw/realtimenews/article/new/20180131/1289051/,（新增配音影片）洛縣人口販賣執行組周二宣佈，搗破一宗全國性人口販賣案，3日的掃蕩行動中拘捕510名嫌犯，救出45名成人﹑11名少女，反映加州的人口販賣問題的嚴重性。有亞太機構為此聯合起來組成了外展團隊，幫助舉報及協助受害人。是次掃蕩名為「Reclaim and Rebuild」，由洛縣警局﹑聯邦﹑州政府及地方執法部門共同合作，於1月25日至27日採取行動，成功拘捕510名嫌犯，其中30名疑是人口販子，另外178名為買家。 「人口販賣在美國是一個嚴重的問題，每年有1萬5000至1萬8000名人口遭到販賣，而加州作為世界第6大經濟體，又是邊界所在，是人口販賣的首選目的地，而亞太裔更是主要對象。」亞太裔政策與計劃議會（A3PCON）總監Manjusha Kulkarni指，據2015年數據，超過七成的非公民人口販賣是亞裔，因此A3PCON 聯合8個地區少數族裔組織組成了外展團隊，找出及協助受害人。 洛市檢察官Mike Feuer指，受害人的經歷是我們難以想像，他們被迫性交，又或是被收起護照，以超低薪或無薪工作，就此洛市檢察官辦公室成立反性交易及人口販賣組，針對人口販賣相關的案件。舉報及協助人口販賣受害人相當重要，亦需要各大機構合力協助，他表示經過他們的努力，舉報的個案上升400％。 「人口販賣是什麼？人口販賣是一些人利用權力，去榨取處於下風的受害人，他們可能擔心居留身分又或是貧窮，因此會以低薪或無薪工作或提供性。」移民律師﹑前眾議員伍國慶表示，見過有年輕亞裔女子為了綠卡，嫁給年老男人當照顧者（Caregiver)；又或是僱主以綠卡為誘餌，取走受害人的護照及證件，訛稱替他們申請綠卡，但其實受害人是不符合申請的資格，工作很多年後才發現受騙，當中或已損失不少金錢。 伍國慶指，最後一種是留學生畢業後的職業培訓計劃（OPT），僱主看中留學生在這邊無親人﹑無太多錢及資源，僱主利用留學生想留在美國的心態，但最後的工作可能是煮飯或剪草等，完全與本科無關。他提醒，如果護照被收起﹑工作範圍與簽證不符﹑被派到別的公司或工作地點﹑以及從未見過移民文件，但一直付款予不知名律師，這些都可能是人口販賣的徵兆。 人口販賣中不單止涉及性販賣，勞工販賣（Labor Trafficking）更難以被發現，受害人往往不知道自己的權利，陷入被勞役的境況。受害者Michel由印度來美國讀碩士課程，讀畢後原本找到另一所大學的課程，付了學費發現沒課上，人口販子給他實習工作每小時10美元，但最後他被被派到做油漆﹑搬運等工作，每日工作12小時，最後只收到4美元一小時工資，並以他居留身分作威脅，成為現代的奴隸。另一位受害者菲籍的Stephanie哭訴，她因傷不便工作，但當時公司不理傷勢逼她上班，又要脅要舉報她的移民身份，讓她被驅逐出境，令她身心都受到極大創傷。（張紫茵／洛杉磯報導）發稿：09:29更新：14:32,（新增配音影片）洛县人口贩卖执行组周二宣布，捣破一宗全国性人口贩卖案，3日的扫荡行动中拘捕510名嫌犯，救出45名成人﹑11名少女，反映加州的人口贩卖问题的严重性。有亚太机构为此联合起来组成了外展团队，帮助举报及协助受害人。是次扫荡名为「Reclaim and Rebuild」，由洛县警局﹑联邦﹑州政府及地方执法部门共同合作，于1月25日至27日采取行动，成功拘捕510名嫌犯，其中30名疑是人口贩子，另外178名为买家。 「人口贩卖在美国是一个严重的问题，每年有1万5000至1万8000名人口遭到贩卖，而加州作为世界第6大经济体，又是边界所在，是人口贩卖的首选目的地，而亚太裔更是主要对象。」亚太裔政策与计划议会（A3PCON）总监Manjusha Kulkarni指，据2015年数据，超过七成的非公民人口贩卖是亚裔，因此A3PCON 联合8个地区少数族裔组织组成了外展团队，找出及协助受害人。洛市检察官Mike Feuer指，受害人的经历是我们难以想像，他们被迫性交，又或是被收起护照，以超低薪或无薪工作，就此洛市检察官办公室成立反性交易及人口贩卖组，针对人口贩卖相关的案件。举报及协助人口贩卖受害人相当重要，亦需要各大机构合力协助，他表示经过他们的努力，举报的个案上升400％。 「人口贩卖是什么？人口贩卖是一些人利用权力，去榨取处于下风的受害人，他们可能担心居留身分又或是贫穷，因此会以低薪或无薪工作或提供性。」移民律师﹑前众议员伍国庆表示，见过有年轻亚裔女子为了绿卡，嫁给年老男人当照顾者（Caregiver)；又或是雇主以绿卡为诱饵，取走受害人的护照及证件，讹称替他们申请绿卡，但其实受害人是不符合申请的资格，工作很多年后才发现受骗，当中或已损失不少金钱。伍国庆指，最后一种是留学生毕业后的职业培训计划（OPT），雇主看中留学生在这边无亲人﹑无太多钱及资源，雇主利用留学生想留在美国的心态，但最后的工作可能是煮饭或剪草等，完全与本科无关。他提醒，如果护照被收起﹑工作范围与签证不符﹑被派到别的公司或工作地点﹑以及从未见过移民文件，但一直付款予不知名律师，这些都可能是人口贩卖的征兆。 人口贩卖中不单止涉及性贩卖，劳工贩卖（Labor Trafficking）更难以被发现，受害人往往不知道自己的权利，陷入被劳役的境况。受害者Michel由印度来美国读硕士课程，读毕后原本找到另一所大学的课程，付了学费发现没课上，人口贩子给他实习工作每小时10美元，但最后他被被派到做油漆﹑搬运等工作，每日工作12小时，最后只收到4美元一小时工资，并以他居留身分作威胁，成为现代的奴隶。另一位受害者菲籍的Stephanie哭诉，她因伤不便工作，但当时公司不理伤势逼她上班，又要胁要举报她的移民身份，让她被驱逐出境，令她身心都受到极大创伤。 （张紫茵／洛杉矶报导）发稿：09:29更新：14:32
appledaily,美人口販運報告台列最佳等級、中國最差｜蘋果新聞網｜蘋果日報,http://www.appledaily.com.tw/realtimenews/article/new/20180629/1381835,美國國務院昨日公布年度人口販運問題報告，台灣連續第9年名列最佳第一級國家。中國則被列為人口販賣情況最嚴重的國家，與敘利亞、北韓、俄羅斯等國家並列第三等級。 中央社報導，美國國務院公布「2018年人口販運問題報告」（2018 Trafficking in Persons Report）中提及的台灣部分指出，台灣再次完全達到消除人口販運最低標準，認真並持續執行各項政策，對人口販運的起訴案件大增、提供協助的人員也有所增加，因此今年仍列第一級。這也是台灣自2010年以來，連續第9年名列最佳第一級。 不過，報告也對台灣船東虐待外籍漁工、看護外勞受到的不平等對待，以及兒童性剝削的法律仍不足提出建議。 根據美國之音，報告中同時指出中國試圖引渡海外中國人與台灣人，並指控他們是罪犯，報告同時認為中國並未達到消除人口販賣的最低標準，也沒有做出任何顯著努力來改變這個情況。中國在2016年位於第二類觀察名單，但在2017年被降級到最差的第三級。今年則被維持在這個等級。 長期關注中國人口販賣問題的美國國會議員史密斯讚揚美國國務院將中國列為第三等級的決定。他發表聲明說：「這份報告清楚地顯示，中國政府是人口販賣的推動者，中國目前的人權侵犯十分惡劣，國家支持強制勞役，強制送回走私受害者，並且試圖遣返逃離北韓的強制勞役受害者，這個國家極差的販賣人口記錄正在繼續。」 美國第一千金伊凡卡（Ivanka Trump）昨日和美國國務卿龐皮歐一同出席報告公布儀式，並頒獎表揚打擊人口販賣有突出貢獻者。（國際中心／綜合外電報導） ,美国国务院昨日公布年度人口贩运问题报告，台湾连续第9年名列最佳第一级国家。中国则被列为人口贩卖情况最严重的国家，与叙利亚、北韩、俄罗斯等国家并列第三等级。中央社报导，美国国务院公布「2018年人口贩运问题报告」（2018 Trafficking in Persons Report）中提及的台湾部分指出，台湾再次完全达到消除人口贩运最低标准，认真并持续执行各项政策，对人口贩运的起诉案件大增、提供协助的人员也有所增加，因此今年仍列第一级。这也是台湾自2010年以来，连续第9年名列最佳第一级。 不过，报告也对台湾船东虐待外籍渔工、看护外劳受到的不平等对待，以及儿童性剥削的法律仍不足提出建议。根据美国之音，报告中同时指出中国试图引渡海外中国人与台湾人，并指控他们是罪犯，报告同时认为中国并未达到消除人口贩卖的最低标准，也没有做出任何显著努力来改变这个情况。中国在2016年位于第二类观察名单，但在2017年被降级到最差的第三级。今年则被维持在这个等级。 长期关注中国人口贩卖问题的美国国会议员史密斯赞扬美国国务院将中国列为第三等级的决定。他发表声明说：「这份报告清楚地显示，中国政府是人口贩卖的推动者，中国目前的人权侵犯十分恶劣，国家支持强制劳役，强制送回走私受害者，并且试图遣返逃离北韩的强制劳役受害者，这个国家极差的贩卖人口记录正在继续。」 美国第一千金伊凡卡（Ivanka Trump）昨日和美国国务卿庞皮欧一同出席报告公布仪式，并颁奖表扬打击人口贩卖有突出贡献者。 （国际中心／综合外电报导） 
appledaily,非典型人口販運怎麼查｜蘋果新聞網｜蘋果日報,http://www.appledaily.com.tw/realtimenews/article/new/20170223/1062003/,陳禹先／婦女救援基金會研發部副組長自去年爆發嘉義市議員經營酒店，身為民意代表卻知法犯法，非法誆騙泰國籍變性人來台從事賣淫工作的案件，引發社會一陣譁然，一連串發生的這類案件所暴露出的人口販運相關問題，值得社會大眾關注。婦女救援基金會多年來投入人口販運防制工作，筆者本身也長期擔任人口販運被害人陪同偵訊服務的一線人員，提出幾點想法與建議。根據婦援會的觀察，去年10月泰皇逝世後，泰國國內娛樂性產業大幅縮減，加上台灣開放泰國來台30天觀光免簽（105年8月1日起至106年7月底），導致泰國籍被害人持觀光簽證入台從事性工作的人數明顯增加。然而，由於情況特殊，這些來台的泰國被害人要被鑑別為人口販運被害人，較一般案件來得困難，也因此讓不肖業者更加有恃無恐，對被害人施以非人道的壓榨與剝削，分析原因如下：1.有別於一般認知的典型人口販運案件，這些泰籍被害人抵台後才發現實際工作條件與原本被招募時被告知的有落差，如新聞中（剝削人妖賣淫，2017年2月14日）所描述「利用他們對台環境陌生，不熟諳當地語言、法律，加上舉目無親，難以求助，以言語恐嚇、脅迫手段，採專人專車監控接送至酒店坐檯陪酒性交易，再從中壓榨從事性剝削。」然而，因為看不到「違反意願或是被迫」的法律構成要件，往往以妨害風化處理移送。2. 持免簽觀光簽證效期只有30天，政策規定必須備好回程機票，不肖業主通常會與泰籍被害人約定離境前一天才給薪，形塑了對被害人剝削控制的有利環境。因為是短期海外工作，若遭受不合理的要求多會忍耐，而且在還沒領到薪資之前，泰籍被害人不會想逃跑、不會要求休假更不會對外求助。若發生不給薪或是剋扣的情形，泰籍被害人也不可能冒著被逮捕的風險留下來與加害人打官司，只能自認倒楣摸摸鼻子返國。針對上述情況，筆者認為，檢警單位在調查時，應該掌握幾個關鍵：1. 執法人員在判斷是否為性交易或是人口販運案件時，常以「是否自願」作為認定指標，然而，來台前知情與可能為人口販運被害人並無絕對關聯，焦點不在於自願與否，在過程中只要有利用其脆弱處境或使用不當手段的情況，這個犯罪行為即成立並應被處罰。2. 需多方探問實際工作條件與招募時被告知的是否相符、來台前是否先行負擔其他費用以及沒有求助的原因等，在被查獲的第一時間進行仔細、深入且細緻的詢問。第一線的執法人員甚為重要，人口販運被害人案件偵查與一般犯罪案件不甚相同，執法人員尚需考量其文化差異及脆弱處境，從被害人的角度出發，透過關鍵、完整的警詢察覺背後真相，並以精準的法條移送地檢署，才能真正保障被害人權益。,陈禹先／妇女救援基金会研发部副组长自去年爆发嘉义市议员经营酒店，身为民意代表却知法犯法，非法诓骗泰国籍变性人来台从事卖淫工作的案件，引发社会一阵哗然，一连串发生的这类案件所暴露出的人口贩运相关问题，值得社会大众关注。妇女救援基金会多年来投入人口贩运防制工作，笔者本身也长期担任人口贩运被害人陪同侦讯服务的一线人员，提出几点想法与建议。根据妇援会的观察，去年10月泰皇逝世后，泰国国内娱乐性产业大幅缩减，加上台湾开放泰国来台30天观光免签（105年8月1日起至106年7月底），导致泰国籍被害人持观光签证入台从事性工作的人数明显增加。然而，由于情况特殊，这些来台的泰国被害人要被鉴别为人口贩运被害人，较一般案件来得困难，也因此让不肖业者更加有恃无恐，对被害人施以非人道的压榨与剥削，分析原因如下：1 .有别于一般认知的典型人口贩运案件，这些泰籍被害人抵台后才发现实际工作条件与原本被招募时被告知的有落差，如新闻中（剥削人妖卖淫，2017年2月14日）所描述「利用他们对台环境陌生，不熟谙当地语言、法律，加上举目无亲，难以求助，以言语恐吓、胁迫手段，采专人专车监控接送至酒店坐台陪酒性交易，再从中压榨从事性剥削。」然而，因为看不到「违反意愿或是被迫」的法律构成要件，往往以妨害风化处理移送。 2. 持免签观光签证效期只有30天，政策规定必须备好回程机票，不肖业主通常会与泰籍被害人约定离境前一天才给薪，形塑了对被害人剥削控制的有利环境。因为是短期海外工作，若遭受不合理的要求多会忍耐，而且在还没领到薪资之前，泰籍被害人不会想逃跑、不会要求休假更不会对外求助。若发生不给薪或是克扣的情形，泰籍被害人也不可能冒着被逮捕的风险留下来与加害人打官司，只能自认倒楣摸摸鼻子返国。针对上述情况，笔者认为，检警单位在调查时，应该掌握几个关键：1. 执法人员在判断是否为性交易或是人口贩运案件时，常以「是否自愿」作为认定指标，然而，来台前知情与可能为人口贩运被害人并无绝对关联，焦点不在于自愿与否，在过程中只要有利用其脆弱处境或使用不当手段的情况，这个犯罪行为即成立并应被处罚。 2. 需多方探问实际工作条件与招募时被告知的是否相符、来台前是否先行负担其他费用以及没有求助的原因等，在被查获的第一时间进行仔细、深入且细致的询问。第一线的执法人员甚为重要，人口贩运被害人案件侦查与一般犯罪案件不甚相同，执法人员尚需考量其文化差异及脆弱处境，从被害人的角度出发，透过关键、完整的警询察觉背后真相，并以精准的法条移送地检署，才能真正保障被害人权益。
appledaily,打擊人口販運法務部研議被害人遠距視訊| 蘋果日報,http://www.appledaily.com.tw/realtimenews/article/politics/20170725/1167999/,法務部上午在防制人口販運國際工作坊會議中報告「台灣防制人口販運起訴成效」，統計2011年到去年，人口販運案件起訴率最低31%、最高44%，未來將加強起訴及定罪力度，對加害人給予充分嚴厲的處罰。法務部報告指出，台灣常見的人口販運犯罪型態，包括利用與國人假結婚方式入境、持用不實的入國許可證入境、持用偽造的外國護照入境，並以虛偽內容申請入境再實行與申請目的不相符的活動，或變造我國兒童證件偷渡大陸兒童到歐美等國。報告分析，人口販運案件有偵辦上的困難，包括人口販運成因複雜、被害人身處隱匿或資訊不對等，導制取證困難，且人口販運防制法相關犯罪構成要件認定不易，檢察機關除多方蒐證、強化論理外，將持續檢察官相關教育訓練，提升檢察官辦案能力。至於未來精進做法，法務部強調，因我國外交地位特殊，與我國簽訂司法互助條約或協定的國家不多，但警政署刑事局、法務部調查局或其他駐外單位在世界各國重要城市都派駐調查官或聯絡官，權宜之計仍須仰賴駐外調查人原和當地執法機關合作，及早發覺案件，進而啟動跨境調查。此外，法務部也建議與外交部等機關研議，利用駐外館處對被害人進行遠距視訊的可行性，以調和被害人返鄉權及被告對質詰問權。(徐珮君／台北報導)【,法务部上午在防制人口贩运国际工作坊会议中报告「台湾防制人口贩运起诉成效」，统计2011年到去年，人口贩运案件起诉率最低31%、最高44%，未来将加强起诉及定罪力度，对加害人给予充分严厉的处罚。法务部报告指出，台湾常见的人口贩运犯罪型态，包括利用与国人假结婚方式入境、持用不实的入国许可证入境、持用伪造的外国护照入境，并以虚伪内容申请入境再实行与申请目的不相符的活动，或变造我国儿童证件偷渡大陆儿童到欧美等国。报告分析，人口贩运案件有侦办上的困难，包括人口贩运成因复杂、被害人身处隐匿或资讯不对等，导制取证困难，且人口贩运防制法相关犯罪构成要件认定不易，检察机关除多方搜证、强化论理外，将持续检察官相关教育训练，提升检察官办案能力。至于未来精进做法，法务部强调，因我国外交地位特殊，与我国签订司法互助条约或协定的国家不多，但警政署刑事局、法务部调查局或其他驻外单位在世界各国重要城市都派驻调查官或联络官，权宜之计仍须仰赖驻外调查人原和当地执法机关合作，及早发觉案件，进而启动跨境调查。此外，法务部也建议与外交部等机关研议，利用驻外馆处对被害人进行远距视讯的可行性，以调和被害人返乡权及被告对质诘问权。 (徐珮君／台北报导)【
appledaily,AIT也說讚！ 台灣打擊人口販運有世界級標準| 蘋果日報,https://www.appledaily.com.tw/realtimenews/article/new/20170725/1167981/,內政部長葉俊榮上午參加防制人口販運國際工作坊開幕典禮，他致詞時表示，美國國務院連續8年把台灣列為防制人口販運第一級國家，證明台灣有能力打擊人口販運，也有決心融入世界。與會的美國在台協會(AIT)代理處長傅德恩也肯定台灣的表現，奠定世界級的水準。葉俊榮說，台灣在國際社會沒有辦法真正有意義的參與管道，但在防制人口販運的表現受到肯定，對台灣特別有意義，因為台灣是打擊人口販運國際網絡很重要的一份子，不只在亞洲，在全球都是如此。葉俊榮說，政府不會以現在的成績自滿，會堅持這樣的精神，更重視此一議題，並在過去10年的基礎再上一層樓，堅定的往前邁進， 未來對於漁工、勞工的工作環境等問題，也需要加強改善。   傅德恩指出，今年美國國務院評比防制人口販運，全球只有46個一級國家，亞洲只有5個，台灣的表現傑出，是這個領域的模範領導，也奠定世界級的標準，美國會持續和台灣合作，把台灣的做法和世界其他國家分享。傅德恩說，應建立以受害者為核心的打擊人口販運防制機制，亞洲去年有1萬多件人口販運案件，但只有1千多名加害人被定罪，他建議以嚴刑峻罰處罰人口販運犯罪者，保護受害者，定罪率也能和西方國家越來越接近，提高定罪率才能有效遏止人口販運犯罪，副總統陳建仁致詞也強調，礙於國際政治大環境所迫，台灣無法簽署聯合國打擊人口販運議定書，但仍強力宣示我們絕不在防制人口販運工作上缺席。他呼籲，不分國籍、人種、宗教信仰，都應積極參與及受到保護，期盼國際勞動或其他人權國際組織讓台灣有更多實質參與機會。(徐珮君／台北報導)【,内政部长叶俊荣上午参加防制人口贩运国际工作坊开幕典礼，他致词时表示，美国国务院连续8年把台湾列为防制人口贩运第一级国家，证明台湾有能力打击人口贩运，也有决心融入世界。与会的美国在台协会(AIT)代理处长傅德恩也肯定台湾的表现，奠定世界级的水准。叶俊荣说，台湾在国际社会没有办法真正有意义的参与管道，但在防制人口贩运的表现受到肯定，对台湾特别有意义，因为台湾是打击人口贩运国际网络很重要的一份子，不只在亚洲，在全球都是如此。叶俊荣说，政府不会以现在的成绩自满，会坚持这样的精神，更重视此一议题，并在过去10年的基础再上一层楼，坚定的往前迈进， 未来对于渔工、劳工的工作环境等问题，也需要加强改善。傅德恩指出，今年美国国务院评比防制人口贩运，全球只有46个一级国家，亚洲只有5个，台湾的表现杰出，是这个领域的模范领导，也奠定世界级的标准，美国会持续和台湾合作，把台湾的做法和世界其他国家分享。傅德恩说，应建立以受害者为核心的打击人口贩运防制机制，亚洲去年有1万多件人口贩运案件，但只有1千多名加害人被定罪，他建议以严刑峻罚处罚人口贩运犯罪者，保护受害者，定罪率也能和西方国家越来越接近，提高定罪率才能有效遏止人口贩运犯罪，副总统陈建仁致词也强调，碍于国际政治大环境所迫，台湾无法签署联合国打击人口贩运议定书，但仍强力宣示我们绝不在防制人口贩运工作上缺席。他呼吁，不分国籍、人种、宗教信仰，都应积极参与及受到保护，期盼国际劳动或其他人权国际组织让台湾有更多实质参与机会。 (徐珮君／台北报导)【
appledaily,美人口販運報告​台連續5年列最佳| 蘋果日報,http://www.appledaily.com.tw/realtimenews/article/new/20140620/420175/,外交部晚間發布新聞稿表示，美國國務院在台北時間晚間發布「2014年人口販運報告」（2014 Trafficking in Persons Report），台灣連續第5年名列於該報告防制人口販運成效最佳的第一級（Tier 1）名單，報告內容並肯定我國防制人口販運的多項努力。 外交部指出，政府在2009年公布及施行「人口販運防制法」，內政部入出國及移民署定期出版年度「防制人口販運成效報告」，詳細說明我國過去一年在相關防制工作上的努力。此外，上月29日我國與美國簽署「台美防制人口走私販運之資訊傳佈與交換瞭解備忘錄」（MOU），凸顯台灣積極參與國際防制人口販運的努力。 外交部就美方上述報告對我國在防制人口販運工作的肯定表示感謝，未來將持續與國內相關政府機關、民間團體及國際間防制人口販運的組織分享經驗，共同努力強化全球防制人口販運的合作機制，以展現我人權立國的理念及決心。（陳培煌╱台北報導） ,外交部晚间发布新闻稿表示，美国国务院在台北时间晚间发布「2014年人口贩运报告」（2014 Trafficking in Persons Report），台湾连续第5年名列于该报告防制人口贩运成效最佳的第一级（Tier 1）名单，报告内容并肯定我国防制人口贩运的多项努力。外交部指出，政府在2009年公布及施行「人口贩运防制法」，内政部入出国及移民署定期出版年度「防制人口贩运成效报告」，详细说明我国过去一年在相关防制工作上的努力。此外，上月29日我国与美国签署「台美防制人口走私贩运之资讯传布与交换了解备忘录」（MOU），凸显台湾积极参与国际防制人口贩运的努力。外交部就美方上述报告对我国在防制人口贩运工作的肯定表示感谢，未来将持续与国内相关政府机关、民间团体及国际间防制人口贩运的组织分享经验，共同努力强化全球防制人口贩运的合作机制，以展现我人权立国的理念及决心。 （陈培煌╱台北报导） 
ltn,美國人口販運報告台灣連9年列最佳等級、中國最差！ - 國際- 自由時報 ...,https://news.ltn.com.tw/news/world/breakingnews/2472667,〔即時新聞／綜合報導〕美國國務院28日公布「2018年人口販運問題報告」結果，台灣連續第9年名列最佳第一級國家，代表政府打擊人口販賣的努力得到肯定，而中國則再度被列為人口販運情況最嚴重的國家，與北韓、敘利亞、俄羅斯等國並列最惡名昭彰的第三級，可預期中國的玻璃心恐怕又要碎了！綜合外媒報導，美國國務院28日由美國國務卿龐皮歐（Mike Pompeo）與第一千金伊凡卡（Ivanka Trump）共同公佈「2018年人口販運問題報告」（2018 Trafficking in Persons Report）。報告中提到，台灣再度完全達到消除人口販運最低標準，認真、持續執行各種政策，對人口販運的起訴案件大增、提供協助的人力不斷增加，因此今年仍列第一級，「台灣也在2009年起，連續第9年名列最佳第一級」。而針對台灣船東虐待外籍漁工、家護外勞沒受到平等對待與兒童性剝削的法律不足等問題，報告則建議，台灣應對人口販運者施予最嚴厲行罰；執法者也應積極調查這些虐待虐待外勞的台灣船東；另外法律也應修法，將家護勞動者納入基本勞工權益保障範圍。報告也提及，台灣的人口販運被害者大多來自印尼、菲律賓、泰國與越南，有一些則來自中國和柬埔寨。目前台灣移工人數多達67萬5千多人，其中有許多人受到不平等的剝削，如工時過長、被雇主虐待、生活條件差等情況。另外，報告中也再度提及，近年來台灣人在海外進行非法商業行為，牽涉到人口販運的問題，例如國外進行電信詐騙犯罪等情況。報告提到中國部分指出，由於中國並未達到消除人口販賣的最低標準，也未做出任何明顯努力來改變此情況，因此與緬甸、伊朗、北韓、敘利亞、俄羅斯等國，被列為最差的第三級國家，也是連續2年被列在這個等級。美國國務院公布「2018全球防制人口販運評比」結果，台灣連續第9年名列最佳第一級國家，中國則再度被列為人口販賣情況最嚴重的國家。（歐新社）,〔即时新闻／综合报导〕美国国务院28日公布「2018年人口贩运问题报告」结果，台湾连续第9年名列最佳第一级国家，代表政府打击人口贩卖的努力得到肯定，而中国则再度被列为人口贩运情况最严重的国家，与北韩、叙利亚、俄罗斯等国并列最恶名昭彰的第三级，可预期中国的玻璃心恐怕又要碎了！综合外媒报导，美国国务院28日由美国国务卿庞皮欧（Mike Pompeo）与第一千金伊凡卡（Ivanka Trump）共同公布「2018年人口贩运问题报告」（2018 Trafficking in Persons Report）。报告中提到，台湾再度完全达到消除人口贩运最低标准，认真、持续执行各种政策，对人口贩运的起诉案件大增、提供协助的人力不断增加，因此今年仍列第一级，「台湾也在2009年起，连续第9年名列最佳第一级」。而针对台湾船东虐待外籍渔工、家护外劳没受到平等对待与儿童性剥削的法律不足等问题，报告则建议，台湾应对人口贩运者施予最严厉行罚；执法者也应积极调查这些虐待虐待外劳的台湾船东；另外法律也应修法，将家护劳动者纳入基本劳工权益保障范围。报告也提及，台湾的人口贩运被害者大多来自印尼、菲律宾、泰国与越南，有一些则来自中国和柬埔寨。目前台湾移工人数多达67万5千多人，其中有许多人受到不平等的剥削，如工时过长、被雇主虐待、生活条件差等情况。另外，报告中也再度提及，近年来台湾人在海外进行非法商业行为，牵涉到人口贩运的问题，例如国外进行电信诈骗犯罪等情况。报告提到中国部分指出，由于中国并未达到消除人口贩卖的最低标准，也未做出任何明显努力来改变此情况，因此与缅甸、伊朗、北韩、叙利亚、俄罗斯等国，被列为最差的第三级国家，也是连续2年被列在这个等级。美国国务院公布「2018全球防制人口贩运评比」结果，台湾连续第9年名列最佳第一级国家，中国则再度被列为人口贩卖情况最严重的国家。 （欧新社）
ltn,「人口販運」相關新聞- 自由時報電子報https://news.ltn.com.tw/topic/人口販運,https://news.ltn.com.tw/topic/%E4%BA%BA%E5%8F%A3%E8%B2%A9%E9%81%8B,,
ltn,「人口販賣」相關新聞- 自由時報電子報https://news.ltn.com.tw/topic/人口販賣,https://news.ltn.com.tw/topic/%E4%BA%BA%E5%8F%A3%E8%B2%A9%E8%B3%A3,,
ltn,防制人口販運台灣連續9年名列第一級國家- 政治- 自由時報電子報,https://news.ltn.com.tw/news/politics/breakingnews/2472547,防制人口販運國際評比，台灣今年又名列第一級國家。圖為海巡人員緝獲偷渡客，追查人蛇集團。（資料照）〔記者陳鈺馥／台北報導〕美國國務院公布2018年全球防制人口販運評比結果，台灣再度蟬聯第一級國家，連續9年獲得國際肯定。內政部長葉俊榮今（29）日凌晨發文指出，「在防制人口販運國際評比，台灣今年又名列第一級國家。」葉俊榮表示，夜深時刻，美國國務院公佈了2018年防制人口販運的國際評比，正如原來所合理預料的，台灣仍然名列第一級國家，這已經是連續第9年的殊榮。葉俊榮提及，這個亮眼的成績，是公私協力與團隊合作的結果，做為幕僚作業機關的內政部，感覺與有榮焉，對內政部部移民署同仁的努力也予以肯定。葉俊榮強調，打擊人口販運是人權普世價值的實踐，也是文明國家的基本堅持，長期的努力，持續獲得肯定。葉也說，今年的評估報告仍有點出一些值得改進之處，這些都是未來督促繼續努力方向。內政部長葉俊榮今（29）日凌晨發文指出，「在防制人口販運國際評比，台灣今年又名列第一級國家。」（資料照）美國國務院公布2018年全球防制人口販運評比結果，台灣再度蟬聯第一級國家，內政部長葉俊榮深夜在臉書發文肯定移民署同仁。（記者陳鈺馥翻攝）,防制人口贩运国际评比，台湾今年又名列第一级国家。图为海巡人员缉获偷渡客，追查人蛇集团。 （资料照）〔记者陈钰馥／台北报导〕美国国务院公布2018年全球防制人口贩运评比结果，台湾再度蝉联第一级国家，连续9年获得国际肯定。内政部长叶俊荣今（29）日凌晨发文指出，「在防制人口贩运国际评比，台湾今年又名列第一级国家。」叶俊荣表示，夜深时刻，美国国务院公布了2018年防制人口贩运的国际评比，正如原来所合理预料的，台湾仍然名列第一级国家，这已经是连续第9年的殊荣。叶俊荣提及，这个亮眼的成绩，是公私协力与团队合作的结果，做为幕僚作业机关的内政部，感觉与有荣焉，对内政部部移民署同仁的努力也予以肯定。叶俊荣强调，打击人口贩运是人权普世价值的实践，也是文明国家的基本坚持，长期的努力，持续获得肯定。叶也说，今年的评估报告仍有点出一些值得改进之处，这些都是未来督促继续努力方向。内政部长叶俊荣今（29）日凌晨发文指出，「在防制人口贩运国际评比，台湾今年又名列第一级国家。」（资料照）美国国务院公布2018年全球防制人口贩运评比结果，台湾再度蝉联第一级国家，内政部长叶俊荣深夜在脸书发文肯定移民署同仁。 （记者陈钰馥翻摄）
ltn,人口販賣悲歌！ 2萬奈國女孩被運至他國當性奴- 國際- 自由時報電子報,https://news.ltn.com.tw/news/world/breakingnews/2680364,逾2萬奈國女性被騙至鄰國賣淫，圖為情境照。（歐新社）〔即時新聞／綜合報導〕非洲人口販賣、走私的現況相當嚴重，奈及利亞反人口販運機構指出，至少2萬名奈國女性已被拐騙、運送至另一非洲國家馬利作為性奴，目前處境相當悽慘。綜合外媒報導，奈及利亞反人口販運局（NAPTIP）與國際移民組織（IOM）合作進行調查，上月在馬利南部採證後證實了前述數字。奈國反人口販運局長歐卡東立（Julie Okah-Donli）表示，過去數月的調查中，工作人員發現數處由人口販子控制的賣淫屋舍，每處約關押100至150名奈國女性，目前已陸續被救出並遣返回國。歐卡東立指出，根據長期收集的證據及寶貴的證詞，光是馬利南部就有至少200個類似場所，關押超過2萬名奈國女性奴，受害者年齡介於16至30歲，絕大多數處境堪憂。調查人員指出，人口販子當時以「介紹至馬來西亞工作」為由，一一將年輕的奈國女子誘出，再轉運至鄰近的非洲國家賣淫或作為性奴。歐卡東立強調，大多數受害者被關押在諸如森林深處等相當偏遠的環境，使得她們即便成功逃脫營地，生還的機率也很低。,逾2万奈国女性被骗至邻国卖淫，图为情境照。 （欧新社）〔即时新闻／综合报导〕非洲人口贩卖、走私的现况相当严重，奈及利亚反人口贩运机构指出，至少2万名奈国女性已被拐骗、运送至另一非洲国家马利作为性奴，目前处境相当凄惨。综合外媒报导，奈及利亚反人口贩运局（NAPTIP）与国际移民组织（IOM）合作进行调查，上月在马利南部采证后证实了前述数字。奈国反人口贩运局长欧卡东立（Julie Okah-Donli）表示，过去数月的调查中，工作人员发现数处由人口贩子控制的卖淫屋舍，每处约关押100至150名奈国女性，目前已陆续被救出并遣返回国。欧卡东立指出，根据长期收集的证据及宝贵的证词，光是马利南部就有至少200个类似场所，关押超过2万名奈国女性奴，受害者年龄介于16至30岁，绝大多数处境堪忧。调查人员指出，人口贩子当时以「介绍至马来西亚工作」为由，一一将年轻的奈国女子诱出，再转运至邻近的非洲国家卖淫或作为性奴。欧卡东立强调，大多数受害者被关押在诸如森林深处等相当偏远的环境，使得她们即便成功逃脱营地，生还的机率也很低。
ltn,美國務院人口販運評比台灣名列第一級國家- 政治- 自由時報電子報,https://news.ltn.com.tw/news/politics/breakingnews/2142333,"2017年防制人口販運國際工作坊開幕，美國在臺協會代理處長傅德恩
、副總統陳建仁、行政院政務委員林萬億、內政部長葉俊榮等出席。（記者鄭鴻達攝）〔記者鄭鴻達／台北報導〕美國在台協會（AIT）代理處長傅德恩（Robert Forden）、副總統陳建仁、行政院政務委員林萬億、內政部長葉俊榮等今出席「防制人口販運國際工作坊」開幕典禮。傅德恩讚許，美國國務院評比防制人口販運，全球46個一級國家中，亞洲只有5個，台灣的表現更是典範。今年的工作坊邀請國內外政府官員、各國駐台使領館、辦事處官員，以及關心該議題的國際學者、專家與非政府組織（NGO）代表參與，工作坊分為今日的「台灣防制人口販運工作10年成效、回顧與展望」專題演講，以及明日關注漁工、家事工、度假打工等議題的分組議題探討。傅德恩指出，美國國務院今年公布評比防制人口販運的「人口販運問題報告」，全球共有46個一級國家，其中亞洲國家只有5個，而台灣表現傑出，為該領域的模範領導，也奠定世界級的標準，美國將會持續和台灣合作，把台灣的作法和世界其他國家分享。傅德恩也說，國際應建立以受害者為核心的打擊人口販運防制機制。他說，亞洲去年共有1萬多件人口販運案，但僅1000多名加害者被定罪，他建議亞洲各國應以嚴刑峻法處罰人口販運犯罪者，保障受害者權益，讓定罪率與西方國家接近，才能有效遏止人口販運。應建立以受害者為核心的打擊人口販運防制機制，亞洲去年有1萬多件人口販運案件，但只有1000多名加害人被定罪，他建議以嚴刑峻罰處罰人口販運犯罪者，保護受害者，定罪率也能和西方國家越來越接近，提高定罪率才能有效遏止人口販運犯罪，陳建仁致詞指出，台灣以人權治國自詡，但礙於國際政治環境，無法簽署聯合國打擊人口販運議定書，但台灣絕不缺席，會致力作出貢獻，根據美國國務院「全球各國防制人口販運工作評比結果」，我國完全符合弭平人口販運基本要求，已連8年獲評為第一級國家，足堪亞太國家楷模。葉俊榮致詞表示，人口販運無法排除跨國、跨境聯繫與合作，台灣移入的移工、新住民粗估高達百萬人以上，今年上半年，我國又與帛琉、聖文森等國簽訂有關移民事務及防制人口販運合作的協議或備忘錄（MOU），移民署成立十年來，共與18個國家簽訂MOU。葉俊榮強調，防制人口販運的4P策略為預防宣導（Prevention）、查緝起訴（Prosecution）、保護安置（Protection）及夥伴關係（Partnership），而每年舉辦的工作坊交流分享，是4P策略中夥伴關係的重要一環，未來，將加強對漁工、勞工工作環境等問題改善。","2017年防制人口贩运国际工作坊开幕，美国在台协会代理处长傅德恩
、副总统陈建仁、行政院政务委员林万亿、内政部长叶俊荣等出席。 （记者郑鸿达摄）〔记者郑鸿达／台北报导〕美国在台协会（AIT）代理处长傅德恩（Robert Forden）、副总统陈建仁、行政院政务委员林万亿、内政部长叶俊荣等今出席「防制人口贩运国际工作坊」开幕典礼。傅德恩赞许，美国国务院评比防制人口贩运，全球46个一级国家中，亚洲只有5个，台湾的表现更是典范。今年的工作坊邀请国内外政府官员、各国驻台使领馆、办事处官员，以及关心该议题的国际学者、专家与非政府组织（NGO）代表参与，工作坊分为今日的「台湾防制人口贩运工作10年成效、回顾与展望」专题演讲，以及明日关注渔工、家事工、度假打工等议题的分组议题探讨。傅德恩指出，美国国务院今年公布评比防制人口贩运的「人口贩运问题报告」，全球共有46个一级国家，其中亚洲国家只有5个，而台湾表现杰出，为该领域的模范领导，也奠定世界级的标准，美国将会持续和台湾合作，把台湾的作法和世界其他国家分享。傅德恩也说，国际应建立以受害者为核心的打击人口贩运防制机制。他说，亚洲去年共有1万多件人口贩运案，但仅1000多名加害者被定罪，他建议亚洲各国应以严刑峻法处罚人口贩运犯罪者，保障受害者权益，让定罪率与西方国家接近，才能有效遏止人口贩运。应建立以受害者为核心的打击人口贩运防制机制，亚洲去年有1万多件人口贩运案件，但只有1000多名加害人被定罪，他建议以严刑峻罚处罚人口贩运犯罪者，保护受害者，定罪率也能和西方国家越来越接近，提高定罪率才能有效遏止人口贩运犯罪，陈建仁致词指出，台湾以人权治国自诩，但碍于国际政治环境，无法签署联合国打击人口贩运议定书，但台湾绝不缺席，会致力作出贡献，根据美国国务院「全球各国防制人口贩运工作评比结果」，我国完全符合弭平人口贩运基本要求，已连8年获评为第一级国家，足堪亚太国家楷模。叶俊荣致词表示，人口贩运无法排除跨国、跨境联系与合作，台湾移入的移工、新住民粗估高达百万人以上，今年上半年，我国又与帛琉、圣文森等国签订有关移民事务及防制人口贩运合作的协议或备忘录（MOU），移民署成立十年来，共与18个国家签订MOU。叶俊荣强调，防制人口贩运的4P策略为预防宣导（Prevention）、查缉起诉（Prosecution）、保护安置（Protection）及伙伴关系（Partnership），而每年举办的工作坊交流分享，是4P策略中伙伴关系的重要一环，未来，将加强对渔工、劳工工作环境等问题改善。"
ltn,美人口販運防制報告台連續8年列最優第一級- 政治- 自由時報電子報,https://news.ltn.com.tw/news/politics/breakingnews/2113928,美國國務院在美東時間6月27日上午10時30分公布2017年全球防制人口販運評比結果，我國在全球評比中仍然名列第一級國家，這已經是連續第8年獲得肯定。（歐新社）〔記者劉慶侯／台北報導〕台灣打擊人口販運成效，今（106）年再度傳出好消息！美國國務院在美東時間6月27日上午10時30分（台灣時間6月27日晚間10時30分）公布2017年全球防制人口販運評比結果，我國在全球180多國評比中仍然名列第一級國家，這已經是連續第8年獲得肯定。蔡英文總統於96年任行政院副院長期間催生「行政院防制人口販運協調會報」的機制，整合各部會資源，齊心合力打擊人口販運，成效獲得肯定，在滿10週年的今年再度傳出人口販運評比成績的好消息，特別具有意義。美國國務院在美東時間6月27日上午10時30分公布2017年全球防制人口販運評比結果，我國在全球評比中仍然名列第一級國家，這已經是連續第8年獲得肯定，顯見我國防制人口販運整體作為推動預防面（Prevention）、查緝起訴面（Prosecution）、保護面（Protection）及夥伴關係（Partnership）等4P策略奏效，充分展現公私協力、跨域合作、打擊非法、保障人權的具體成果，並肯定中華民國在打擊人口販運的積極作為。移民署表示，美國「2017年防制人口販運問題報告」中對我國在保護及預防面向的創新作為多有肯定，包括辦理海報設計比賽以提升民眾認知、加強遠洋漁工管理措施等，更期盼臺灣針對遠洋漁工規劃實施之權益保障作為如定型化契約等，可以發揮具體成效，進而能夠成為亞洲區域的典範。報告也提到建議台灣未來應努力的方向，包含「加強起訴及定罪力度，對於加害人給予充分嚴厲之處罰」、「持續增進訓練效益，加強檢察官及法官對人口販運的認知」、「藉由修法，以釐清家庭看護工和家事勞動者在基本勞工權益的落差」及「明確界定及監督臺籍漁船之角色和責任」等。有關加害人處罰和漁工、家事工權益保障等建議，內政部在今年7月25日、26日即將舉辦之「2017年防制人口販運國際工作坊」，已規劃納入分組議題討論，將深入探討「加重人口販運查緝偵審力量」、「家事勞動者保障制度策略」及「避免漁工剝削之查緝成效及預防作為」等議題，這正是中華民國對於美國所提建議，藉由邀集國內外專家學者、官方人員及民間團體齊聚一堂，集思廣益，最迅速回應與精進人口販運防制策略的具體表現。,美国国务院在美东时间6月27日上午10时30分公布2017年全球防制人口贩运评比结果，我国在全球评比中仍然名列第一级国家，这已经是连续第8年获得肯定。 （欧新社）〔记者刘庆侯／台北报导〕台湾打击人口贩运成效，今（106）年再度传出好消息！美国国务院在美东时间6月27日上午10时30分（台湾时间6月27日晚间10时30分）公布2017年全球防制人口贩运评比结果，我国在全球180多国评比中仍然名列第一级国家，这已经是连续第8年获得肯定。蔡英文总统于96年任行政院副院长期间催生「行政院防制人口贩运协调会报」的机制，整合各部会资源，齐心合力打击人口贩运，成效获得肯定，在满10周年的今年再度传出人口贩运评比成绩的好消息，特别具有意义。美国国务院在美东时间6月27日上午10时30分公布2017年全球防制人口贩运评比结果，我国在全球评比中仍然名列第一级国家，这已经是连续第8年获得肯定，显见我国防制人口贩运整体作为推动预防面（Prevention）、查缉起诉面（Prosecution）、保护面（Protection）及伙伴关系（Partnership）等4P策略奏效，充分展现公私协力、跨域合作、打击非法、保障人权的具体成果，并肯定中华民国在打击人口贩运的积极作为。移民署表示，美国「2017年防制人口贩运问题报告」中对我国在保护及预防面向的创新作为多有肯定，包括办理海报设计比赛以提升民众认知、加强远洋渔工管理措施等，更期盼台湾针对远洋渔工规划实施之权益保障作为如定型化契约等，可以发挥具体成效，进而能够成为亚洲区域的典范。报告也提到建议台湾未来应努力的方向，包含「加强起诉及定罪力度，对于加害人给予充分严厉之处罚」、「持续增进训练效益，加强检察官及法官对人口贩运的认知」、「借由修法，以厘清家庭看护工和家事劳动者在基本劳工权益的落差」及「明确界定及监督台籍渔船之角色和责任」等。有关加害人处罚和渔工、家事工权益保障等建议，内政部在今年7月25日、26日即将举办之「2017年防制人口贩运国际工作坊」，已规划纳入分组议题讨论，将深入探讨「加重人口贩运查缉侦审力量」、「家事劳动者保障制度策略」及「避免渔工剥削之查缉成效及预防作为」等议题，这正是中华民国对于美国所提建议，藉由邀集国内外专家学者、官方人员及民间团体齐聚一堂，集思广益，最迅速回应与精进人口贩运防制策略的具体表现。
ltn,「防制人口販運」 - 相關新聞- 自由時報電子報news.ltn.com.tw/topic/防制人口販運,http://news.ltn.com.tw/topic/%E9%98%B2%E5%88%B6%E4%BA%BA%E5%8F%A3%E8%B2%A9%E9%81%8B,,
ltn,防制人口販運台灣連9年第1 - 社會- 自由時報電子報,https://news.ltn.com.tw/news/society/paper/1219523,副總統陳建仁在「2018防制人口販運國際工作坊」會議中，肯定台灣連9年獲美國國務院評比防制人口販運成效第1級國家。內政部長徐國勇也對「見警率紛爭」解釋，他強調網路貼文聲稱1974年的美國實驗已被推翻，更以鄭捷隨機殺人為例，印證提升見警率確實有效。（文：記者王冠仁）副總統陳建仁（右四）與內政部長徐國勇（左四）與國內外專家學者一同出席。（記者王冠仁翻攝）,副总统陈建仁在「2018防制人口贩运国际工作坊」会议中，肯定台湾连9年获美国国务院评比防制人口贩运成效第1级国家。内政部长徐国勇也对「见警率纷争」解释，他强调网路贴文声称1974年的美国实验已被推翻，更以郑捷随机杀人为例，印证提升见警率确实有效。 （文：记者王冠仁）副总统陈建仁（右四）与内政部长徐国勇（左四）与国内外专家学者一同出席。 （记者王冠仁翻摄）
ltn,防制人口販運AIT：台灣是全球典範- 社會- 自由時報電子報,https://news.ltn.com.tw/news/society/paper/1121773,〔記者鄭鴻達、王冠仁、謝君臨、黃敦硯／台北報導〕美國在台協會（AIT）代理處長傅德恩，昨天高度肯定我國防制人口販運的傑出表現，他說，美國國務院評比為一級的全球46個國家中，亞洲只有5個，台灣的表現是「該領域的模範領導，更是典範」。移民署表示，此一成果應是我政府採取「4P面向策略」，並在預防面有創新作為的表現。移民署說，各國對人口販運防制多採查緝起訴（Prosecution）、保護（Protection）、預防（Prevention）「3P面向策略」，我國多了一個夥伴關係（Partnership），我方考量台灣地理位置與國際地位特殊，且人口販運多是跨國犯罪，非常注重國際合作防制作為，至今已與18個國家簽署移民事務及防制人口販運合作的協定或備忘錄。我國今年舉辦的「防制人口販運國際工作坊」昨天開幕，與會的傅德恩指出，美國務院今年公布評比防制人口販運的「人口販運問題報告」，全球有46個一級國家，亞洲國家只有台灣、菲律賓、韓國、以色列、亞美尼亞列入，台灣的傑出表現已奠定世界級的標準，美國將持續和台灣合作，把台灣作法與世界其他國家分享。不過傅德恩也說，亞洲去年有1萬多件人口販運案，僅1000多名加害者被定罪，他建議亞洲國家以嚴刑峻法處罰人口販運犯罪者，讓定罪率與西方國家接近，方能更有效遏止人口販運。與會副總統陳建仁致詞說，礙於國際政治環境，我國無法簽署聯合國打擊人口販運議定書，但台灣絕不缺席，會致力做出貢獻。內政部長葉俊榮表示，每年舉辦的工作坊交流分享，是4P策略中夥伴關係的重要一環。此外，警政署也通令執行「反奴計畫」，對人口販運集團可能藏匿，或外來人口被雇用的地點全力臨檢、掃蕩。傅德恩去年2月曾親至台北市警大安分局頒發獎牌，感謝警方與台北市調查處偵破以「戴姐」戴君儀為首的跨國人口販運集團。2017年防制人口販運國際工作坊開幕，美國在台協會代理處長傅德恩（前排右6）、副總統陳建仁（前排右7）等人出席。（記者鄭鴻達攝）,〔记者郑鸿达、王冠仁、谢君临、黄敦砚／台北报导〕美国在台协会（AIT）代理处长傅德恩，昨天高度肯定我国防制人口贩运的杰出表现，他说，美国国务院评比为一级的全球46个国家中，亚洲只有5个，台湾的表现是「该领域的模范领导，更是典范」。移民署表示，此一成果应是我政府采取「4P面向策略」，并在预防面有创新作为的表现。移民署说，各国对人口贩运防制多采查缉起诉（Prosecution）、保护（Protection）、预防（Prevention）「3P面向策略」，我国多了一个伙伴关系（Partnership），我方考量台湾地理位置与国际地位特殊，且人口贩运多是跨国犯罪，非常注重国际合作防制作为，至今已与18个国家签署移民事务及防制人口贩运合作的协定或备忘录。我国今年举办的「防制人口贩运国际工作坊」昨天开幕，与会的傅德恩指出，美国务院今年公布评比防制人口贩运的「人口贩运问题报告」，全球有46个一级国家，亚洲国家只有台湾、菲律宾、韩国、以色列、亚美尼亚列入，台湾的杰出表现已奠定世界级的标准，美国将持续和台湾合作，把台湾作法与世界其他国家分享。不过傅德恩也说，亚洲去年有1万多件人口贩运案，仅1000多名加害者被定罪，他建议亚洲国家以严刑峻法处罚人口贩运犯罪者，让定罪率与西方国家接近，方能更有效遏止人口贩运。与会副总统陈建仁致词说，碍于国际政治环境，我国无法签署联合国打击人口贩运议定书，但台湾绝不缺席，会致力做出贡献。内政部长叶俊荣表示，每年举办的工作坊交流分享，是4P策略中伙伴关系的重要一环。此外，警政署也通令执行「反奴计画」，对人口贩运集团可能藏匿，或外来人口被雇用的地点全力临检、扫荡。傅德恩去年2月曾亲至台北市警大安分局颁发奖牌，感谢警方与台北市调查处侦破以「戴姐」戴君仪为首的跨国人口贩运集团。 2017年防制人口贩运国际工作坊开幕，美国在台协会代理处长傅德恩（前排右6）、副总统陈建仁（前排右7）等人出席。 ?（记者郑鸿达摄）
